chromosome,cor1,cor2,class
chr1,877831,877831,hom
chr1,879317,879317,het
chr1,898467,898467,het
chr1,911595,911595,het
chr1,948846,948846,het
chr1,948870,948870,het
chr1,948921,948921,het
chr1,949235,949235,het
chr1,985444,985444,hom
chr1,985449,985449,hom
chr1,985450,985450,hom
chr1,986443,986443,hom
chr1,987200,987200,hom
chr1,988932,988932,hom
chr1,990380,990380,hom
chr1,990417,990417,hom
chr1,990517,990517,hom
chr1,1249187,1249187,hom
chr1,1272497,1272497,hom
chr1,1273116,1273116,hom
chr1,1273278,1273278,hom
chr1,1274242,1274242,hom
chr1,1274350,1274350,hom
chr1,1276077,1276077,het
chr1,1276812,1276812,hom
chr1,1276973,1276973,hom
chr1,1458073,1458073,het
chr1,1469546,1469546,het
